Season,Date
1990,"February 16, 1990"
1990-'91,"February 19, 1991"
,"February 23, 1991"
1991-'92,"November 1, 1991"
,"November 5, 1991"
,"November 30, 1991"
,"December 5, 1991"
1992-'93,"December 29, 1992"
1993-'94,"November 25, 1993"
,"January 6, 1994"
,"January 16, 1994"
,"January 28, 1994"
1994-'95,"November 27, 1994"
,"March 6, 1995"
1995-'96,"November 27, 1995"
,"December 8, 1995"
,"December 13, 1995"
,"January 11, 1996"
,"March 25, 1996"
1996-'97,"November 21, 1996"
,"November 24, 1996"
,"December 15, 1996"
,"December 23, 1996"
,"January 5, 1997"
1997-'98,"January 12, 1998"
,"January 14, 1998"
,"January 25, 1998"
1998-'99,"January 3, 1999"
,"January 12, 1999"
,"January 14, 1999"
,"January 18, 1999"
,"March 9, 1999"
1999-'00,"January 12, 2000"
,"January 19, 2000"
 2000 - '01,"December 16, 2000"
,"December 18, 2000"
,"December 28, 2000"
,"February 8, 2001"
,"February 25, 2001"
,"March 12, 2001"
 2001 - '02,"November 27, 2001"
,"January 14, 2002"
,"March 15, 2002"
2002 - '03,"February 3, 2003"
,"March 8, 2003"
2003 - '04,"December 9, 2003"
,"January 26, 2004"
,"February 2, 2004"
2004 - '05,"January 21, 2005"
,"February 20, 2005"
2005 - '06,"December 14, 2005"
,"December 30, 2005"
,"March 13, 2006"
,"March 16, 2006"
2006 - '07,"February 25, 2007"
,"March 1, 2007"
2007 - '08,"December 2, 2007"
,"December 6, 2007"
,"December 23, 2007"
,"December 26, 2007"
2008 - '09,"December 20, 2008"
,"February 21, 2009"
,"February 26, 2009"
2009 - '10,"December 9, 2009"
,"December 25, 2009"
,"February 8, 2010"
2010 - '11,"November 13, 2010"
,"December 4, 2010"
,"December 11, 2010"
,"December 13, 2010"
,"December 20, 2010"
,"December 25, 2010"
,"January 31, 2011"
,"February 21, 2011"
2011 - '12,No Snow Emergencies
2012 - '13,"December 9, 2012"
,"February 10, 2013"
,"March 5, 2013"
2013 - '14,"December 4, 2013"
,"December 17, 2013"
,"December 25, 2013"
,"January 14, 2014"
,"January 18, 2014"
,"January 30, 2014"
,"February 17, 2014"
,"February 20, 2014"
2014 - '15,"December 27, 2014"
2015 - '16,"December 29, 2015"
,"February 2, 2016"
2016 - '17,"December 11, 2016"
,"December 17, 2016"
,"January 11, 2017"
2017 - '18,"January 15, 2018"
,"January 22, 2018"
,"February 23, 2018"
,"February 25, 2018"
,"April 15, 2018"
2018 - '19,"January 28, 2019"
,"February 7, 2019"
,"February 12, 2019"
,"February 20, 2019"
,"February 24, 2019"
,"March 1, 2019"
,"March 10, 2019"
2019 - '20,"November 27, 2019"
,"December 30, 2019"
,"January 17, 2020"
,"February 9, 2020"
